destino,salida,llegada,fecha de salida
Canada,13:00,18:00,15 jun. 03
NY,9:00,12:00,8 nov. 20
Ciudad Sandino,5:32,22:17,8/10/2020
Jinxiu,8:49,8:16,7/4/2020
Ash Shuhadā’,22:54,18:10,21/3/2020
Zhongzhai,22:16,8:40,25/7/2020
Foundiougne,7:12,7:51,21/11/2019
Sekongkang Bawah,17:38,9:32,3/9/2020
Nangalisan,15:40,4:02,20/12/2019
Nankou,22:31,13:53,1/9/2020
Luhyny,4:13,22:34,16/1/2020
San Rafael del Sur,21:25,17:12,31/7/2020
Vicente Guerrero,17:24,7:20,7/7/2020
Chemerivtsi,3:06,3:07,10/2/2020
Ordynskoye,17:41,19:21,22/4/2020
Yashalta,15:36,12:31,29/5/2020
Polevskoy,16:21,12:19,6/4/2020
Krasnogorskiy,8:11,23:22,25/8/2020
Ifo,2:59,14:08,8/12/2019
Amiens,16:06,6:32,10/9/2020
Tororo,18:07,12:26,3/11/2019
Cabinda,7:40,2:57,27/8/2020
Kilifi,5:48,20:33,23/6/2020
Banyo,9:29,9:24,5/9/2020
Kotlovka,17:17,15:17,15/3/2020
Kopstal,3:25,21:43,25/11/2019
Putukrejo,17:29,16:01,27/12/2019
Xitieshan,17:59,11:43,24/7/2020
Dagupan,19:48,23:09,1/5/2020
Las Flores,12:36,13:32,25/6/2020
Hobaramachi,15:52,23:09,7/6/2020
Chayek,11:00,20:25,24/2/2020
Inabaan Sur,19:30,14:53,15/1/2020
Eskilstuna,12:30,21:17,25/6/2020
Vailoatai,4:26,14:46,4/2/2020
Cungking,22:31,17:24,9/12/2019
Montluçon,14:55,23:11,29/6/2020
‘Alī al Gharbī,3:44,14:16,8/12/2019
Kelburn,9:01,6:24,24/4/2020
Miami,16:03,16:37,21/3/2020
Yanagawa,2:47,6:54,17/1/2020
San Pedro,9:51,2:12,12/9/2020
Vyshhorod,18:11,23:02,15/10/2020
Sydney,14:37,18:52,13/11/2019
Mukhen,22:45,12:21,7/12/2019
Jiexiu,3:42,10:53,12/1/2020
Shimorskoye,5:35,14:24,6/8/2020
Shorapani,12:36,2:41,10/11/2019
Paratinga,20:59,12:01,7/9/2020
Faisalābād,22:41,12:20,15/11/2019
Chum Phae,22:45,14:50,17/12/2019
Macayug,5:03,2:09,26/10/2019
Portëz,16:38,21:14,21/9/2020
Changning,9:19,13:11,29/4/2020
Kalipucang,3:46,16:59,28/5/2020
Ḩabīl al Jabr,22:45,23:15,17/2/2020
Montpellier,7:37,23:26,15/6/2020
La Soledad,7:33,21:33,24/5/2020
Onueke,20:34,14:56,21/8/2020
Wulin,11:25,8:24,16/10/2020
Pehčevo,15:40,16:38,8/12/2019
Sosnovyy Bor,7:58,23:50,24/3/2020
Fengjia,15:50,1:28,1/2/2020
Barisāl,23:24,20:53,22/7/2020
Algoz,1:24,23:11,8/5/2020
Heshan,1:02,3:26,8/6/2020
Pas Pul,15:20,19:06,21/12/2019
Dafeng,1:49,4:04,1/8/2020
Radā‘,22:35,16:57,25/5/2020
Osorno,3:24,16:11,21/6/2020
Dawang,21:18,18:44,12/3/2020
Bokat,21:19,14:40,11/9/2020
Qarāwul,15:12,4:54,10/12/2019
Farshūţ,4:05,21:38,21/7/2020
Latowicz,1:19,5:23,14/2/2020
København,22:27,21:22,25/10/2019
Montes Claros,16:48,19:17,16/2/2020
Shiguai,9:29,16:33,17/9/2020
Kabakovo,18:31,23:27,15/12/2019
Bandaran,9:44,12:27,3/3/2020
Mengxi,12:45,0:30,27/9/2020
Chiţcani,7:47,14:26,5/7/2020
Pakembangan,16:18,21:40,30/8/2020
Las Lajas,22:36,2:11,4/3/2020
Zomba,16:16,0:25,12/1/2020
Itsandra,0:14,3:19,20/10/2020
Pasirangin Tiga,20:22,14:06,28/5/2020
Nema,0:26,11:28,21/8/2020
Xudat,15:14,21:13,11/6/2020
Kelīshād va Sūdarjān,6:49,14:49,1/8/2020
Huayan,13:48,11:54,28/4/2020
West End,4:30,16:27,23/12/2019
Wincrange,14:54,4:45,6/7/2020
San Pedro,7:05,15:35,9/11/2019
Roissy Charles-de-Gaulle,12:10,9:04,8/6/2020
Loma Bonita,18:00,9:13,9/12/2019
Navashino,22:41,23:46,22/6/2020
Tanenofunan,9:30,6:26,6/3/2020
Pio,22:13,12:02,10/8/2020
Bāzārak,15:51,20:10,25/4/2020
Stará Huť,8:17,9:18,25/9/2020
Brongkalan,9:02,0:56,20/8/2020
Kavadarci,5:57,4:25,12/1/2020
Mehtar Lām,18:01,15:30,20/7/2020
Bassano,18:31,9:57,19/10/2020
Laoliangcang,5:34,0:35,10/10/2020
Gaotian,15:48,10:27,5/1/2020
Sarulla,19:19,12:11,14/12/2019
Bokino,23:37,13:37,8/12/2019
Goim,6:26,4:32,17/5/2020
Balice,11:22,20:08,26/4/2020
Dame-Marie,8:28,19:08,19/9/2020
Kizlyar,20:38,17:21,23/7/2020
Pankshin,6:23,17:05,23/5/2020
Kigoma,19:48,13:04,23/8/2020
Pakalongan,4:54,2:13,17/5/2020
Huanggu,13:43,8:04,6/6/2020
Dungkek Laok,2:56,4:47,10/5/2020
Dimitrovgrad,11:34,6:33,20/8/2020
Brisbane,20:52,5:03,5/2/2020
Huyunxiang,8:43,4:10,30/5/2020
Banyuurip,0:19,21:19,13/10/2020
Esquina,11:20,7:07,23/5/2020
Roissy Charles-de-Gaulle,8:49,3:21,7/9/2020
Capacho Nuevo,23:26,2:50,14/7/2020
Pavlogradka,17:22,13:40,30/3/2020
Jiblah,13:33,6:47,18/12/2019
Al Jumaylīyah,23:47,16:11,24/9/2020
Elele,0:54,9:51,18/3/2020
De la Paz,18:43,0:31,21/9/2020
Rennes,6:57,23:10,11/12/2019
Jermuk,22:49,14:02,15/1/2020
Tobias Barreto,0:44,7:26,1/8/2020
Hatavch,7:33,12:42,11/6/2020
El Aïoun,16:14,5:43,4/9/2020
Hvar,8:08,21:56,17/4/2020
Bragança Paulista,2:22,9:55,25/3/2020
Ţayyibat al Imām,7:51,6:53,11/3/2020
Göteborg,3:31,17:11,9/10/2020
Leteki,8:39,4:52,8/8/2020
Morales,20:28,2:21,9/4/2020
Janikowo,4:38,11:47,29/9/2020
Ube,12:36,21:05,16/3/2020
Affery,7:00,0:16,16/8/2020
Gualeguay,0:57,17:43,8/3/2020
Little Rock,11:09,15:58,20/12/2019
Gesik,13:56,13:08,2/11/2019
Arauca,15:04,9:52,13/11/2019
Bukal,5:25,9:11,1/1/2020
Neuville,15:52,12:54,24/4/2020
Kalian,9:03,23:50,18/3/2020
Yihe,4:40,7:21,21/2/2020
Maple Ridge,22:38,9:10,8/9/2020
Castro Barros,13:58,13:59,15/10/2020
Tempuran,23:40,5:36,18/1/2020
Karangduren Dua,4:28,0:51,18/9/2020
Zaranj,3:40,9:06,14/6/2020
Niutang,18:42,2:28,29/10/2019
Bulqizë,3:54,21:52,17/1/2020
Ponong,7:31,10:36,24/2/2020
Séguéla,20:44,7:26,7/10/2020
Okayama-shi,18:39,14:10,28/4/2020
Xylotymbou,0:05,7:07,1/11/2019
Lebyazh’ye,20:55,7:03,4/9/2020
Gaspar Hernández,14:09,9:24,9/1/2020
Santa Cruz De Tenerife,11:01,23:20,31/8/2020
Challhuahuacho,13:56,0:07,14/4/2020
Donghai,8:26,1:20,8/1/2020
Kotkot,10:05,21:46,22/10/2020
Xilópolis,8:15,2:01,8/9/2020
Bunia,15:54,11:58,27/6/2020
Ābyek,4:07,7:30,30/9/2020
Dallas,7:39,19:25,3/2/2020
Petrivka,16:20,10:19,4/4/2020
Nueve de Julio,9:19,10:13,29/9/2020
Aviá Terai,16:32,4:43,8/1/2020
Vicente Guerrero,8:30,19:44,20/7/2020
Jianghu,8:40,10:20,24/7/2020
Ketitang Wetan,23:06,4:31,14/6/2020
Ban Nong Wua So,0:23,3:46,28/5/2020
Gannan,5:10,1:38,5/5/2020
Dong’ao,18:30,2:06,25/4/2020
Lafayette,16:52,12:42,29/9/2020
Vila Fria,21:36,20:33,2/8/2020
Perho,6:23,5:00,23/9/2020
Jedung,17:32,12:02,20/4/2020
Patrang,3:36,21:13,17/5/2020
Ignacio Zaragoza,9:55,9:56,26/6/2020
Dembī Dolo,3:58,23:53,11/2/2020
Vilhelmina,21:00,12:50,12/1/2020
Sukumo,15:06,5:51,21/4/2020
Vitória de Santo Antão,12:05,12:03,15/3/2020
Spodnja Hajdina,14:37,1:27,22/9/2020
Nanchoc,3:08,13:54,28/10/2019
Nāḩiyat Alī ash Sharqī,15:19,8:52,23/6/2020
Recarei,8:52,22:07,25/6/2020
Repnoye,4:14,15:56,30/3/2020
Rizómilos,8:02,4:09,30/11/2019
Nanzhen,18:36,10:30,23/11/2019
Aldeias de Cima,4:00,2:45,15/9/2020
Jatiwangi,22:37,9:25,25/4/2020
Kavýli,4:47,15:57,26/6/2020
Embajador Martini,11:39,8:29,24/9/2020
Yilongyong,6:48,4:45,15/1/2020
Zator,11:46,3:28,16/6/2020
Jammāl,19:09,16:56,19/4/2020
Lengkongjaya,23:18,22:24,16/7/2020
Qincheng,10:16,12:30,24/8/2020
Baisha,13:58,0:47,7/7/2020
Al Khānkah,12:55,17:51,20/2/2020
Santo António da Charneca,3:03,14:22,21/1/2020
Koh Kong,11:18,15:29,30/4/2020
Mataya,1:25,16:57,12/3/2020
At Samat,2:28,2:39,25/4/2020
Lijiaping,23:07,0:25,14/1/2020
Áno Kopanákion,4:34,3:44,27/5/2020
Chechenglu,8:53,10:23,2/9/2020
Saint Augustine,17:31,23:14,23/12/2019
Marneuli,5:32,16:15,6/9/2020
Zihu,20:08,13:34,6/5/2020
Tazemmourt,14:31,7:21,3/6/2020
Brandýs nad Labem-Stará Boleslav,23:57,20:44,10/7/2020
Kandava,15:39,21:24,8/1/2020
Kireyevsk,2:50,22:44,11/3/2020
Serra D'El Rei,17:12,2:34,20/5/2020
Caxito,9:09,6:14,6/4/2020
Pará de Minas,6:19,18:56,26/10/2019
Chonogol,0:46,9:47,13/11/2019
Casais de Vera Cruz,19:35,16:46,20/10/2020
Oshnavīyeh,14:09,17:49,6/9/2020
Carriedo,7:14,23:23,1/9/2020
Sines,14:05,9:29,26/9/2020
Louis Trichardt,6:52,13:28,13/10/2020
Jamālpur,5:54,1:22,11/7/2020
Czerwonak,17:12,5:01,4/1/2020
Kamen’-na-Obi,17:29,16:45,30/7/2020
San Gabriel,17:52,9:14,17/6/2020
Masindi,10:10,15:12,17/3/2020
Cairani,20:56,4:02,1/2/2020
Lac-Mégantic,5:46,16:06,8/8/2020
Karangtengah,0:38,3:08,9/4/2020
Miyazaki-shi,15:09,22:56,26/11/2019
Calango,19:39,19:41,28/11/2019
Dortmund,2:55,16:49,14/8/2020
Lloque,7:18,12:32,18/5/2020
Viljandi,23:36,12:24,13/8/2020
Mbuji-Mayi,0:07,16:18,30/9/2020
Whitwell,12:30,3:48,27/2/2020
El Corpus,18:43,8:56,5/7/2020
Roskoshnyy,0:32,18:02,1/3/2020
Kodinsk,10:54,13:41,14/11/2019
Qianying,2:47,12:29,24/11/2019
Lieksa,9:00,0:44,7/9/2020
Tangchi,10:09,12:06,11/6/2020
Nambak Tengah,11:18,4:02,26/12/2019
Kanuma,4:49,22:43,18/6/2020
Changning,10:34,1:40,11/10/2020
Coroatá,11:48,0:12,23/4/2020
Kertasari,2:19,19:43,11/8/2020
Santa Iria de Azóia,18:57,6:19,23/1/2020
Anjepy,4:53,2:06,10/10/2020
Wakduwa’ Barat,18:10,18:44,14/1/2020
Tunja,7:06,8:29,13/4/2020
Itajubá,21:35,3:11,14/12/2019
La Serena,22:03,22:08,9/9/2020
Haitang,9:00,9:43,8/2/2020
Tomé,22:49,12:29,25/3/2020
Kristianstad,3:40,6:20,2/10/2020
Gornji Petrovci,14:04,22:04,14/4/2020
Jianshe,16:50,10:08,22/3/2020
El Coco,0:38,15:50,13/10/2020
Independencia,12:08,21:02,26/2/2020
Replot,19:19,11:11,3/8/2020
Paris 19,17:58,1:20,19/9/2020
Hînceşti,0:01,5:23,10/10/2020
Haarlem,3:47,15:51,23/7/2020
Zabrušany,20:31,18:37,19/12/2019
Logovskoye,7:57,22:20,12/5/2020
Pingyang,14:12,0:38,9/7/2020
Tanjungampalu,20:27,3:45,21/4/2020
Mississauga,5:52,23:48,16/6/2020
Haukivuori,21:26,1:16,19/1/2020
Xinshi,11:06,6:31,30/11/2019
La Rochelle,3:46,20:21,2/2/2020
Budapest,23:12,22:49,3/3/2020
Brikama Nding,19:09,16:20,11/6/2020
Kafarati,21:06,12:16,11/12/2019
São José,11:08,1:06,24/12/2019
Waiwukak,16:37,21:43,17/11/2019
Mlalo,2:01,8:35,19/9/2020
Ḩabābah,11:00,22:37,10/2/2020
Ignalina,14:08,20:38,8/6/2020
Shuangjiang,8:18,12:05,26/8/2020
Badung,6:15,23:22,23/9/2020
Comandante Luis Piedra Buena,6:22,4:11,15/12/2019
Inawashiro,9:03,7:32,4/10/2020
Matai,11:11,19:08,10/11/2019
Mniszków,12:47,10:34,13/5/2020
Demuk,8:27,16:40,26/10/2019
Kota Kinabalu,4:49,16:10,4/7/2020
Jiangfang,11:12,20:03,25/4/2020
Radoboj,18:49,9:35,4/1/2020
Mochishche,15:56,11:01,12/7/2020
Desa Borogojol,7:04,20:20,15/9/2020
Nîmes,0:54,12:25,12/7/2020
La Esperanza,16:48,23:12,12/1/2020
Polanka Wielka,14:35,1:38,13/5/2020
Gulu,3:27,22:33,30/5/2020
Hashtpar,11:33,5:07,2/4/2020
La Cueva,7:34,5:17,12/8/2020
Linares,9:32,23:56,6/12/2019
Hässleholm,16:46,15:48,26/10/2019
Arnhem,13:32,19:02,3/8/2020
Pokrovka,17:07,10:10,29/11/2019
Tmourghout,19:55,21:08,7/12/2019
Amirabad,21:02,12:26,14/11/2019
Kokkári,14:19,0:35,21/9/2020
Zhongying,3:26,19:38,25/5/2020
Guanlu,19:58,2:02,16/5/2020
Caicun,21:09,15:32,31/12/2019
Santa Rosa,4:27,2:45,31/5/2020
São Martinho do Campo,4:16,12:44,25/10/2019
Quime,2:32,15:20,11/3/2020
Wanju,1:13,12:36,17/7/2020
Rivera,21:58,2:25,5/1/2020
Barranquilla,9:23,20:54,6/2/2020
Uhniv,6:07,1:02,10/9/2020
Curuzú Cuatiá,14:35,9:06,11/6/2020
Quilino,20:53,17:27,29/3/2020
Izingolweni,9:58,0:00,10/3/2020
San Juan de Dios,3:22,5:48,19/8/2020
‘Alī al Gharbī,17:01,9:44,30/12/2019
Anping,14:15,14:32,7/12/2019
Kotauneng,21:13,21:08,9/12/2019
Dukuhmencek Lor,20:57,12:11,13/1/2020
Curumaní,17:55,0:37,22/11/2019
Hisor,17:34,6:41,4/12/2019
Dolores,21:23,3:50,4/1/2020
Río Colorado,7:40,17:33,26/5/2020
Río Campo,12:30,4:24,5/7/2020
Stockholm,8:25,18:16,17/8/2020
Gomel,21:17,23:28,28/3/2020
Phong Điền,22:52,13:20,16/2/2020
Zhangyelu,5:48,6:53,8/3/2020
Chengyang,6:17,13:21,14/6/2020
Viekšniai,17:02,11:32,26/9/2020
Thị Trấn Vạn Hà,19:40,21:06,2/6/2020
Ambulong,22:16,6:45,12/10/2020
Antimácheia,9:38,15:36,9/2/2020
Al ‘Azīzīyah,18:25,16:19,26/4/2020
Shimiaozi,14:30,16:26,16/1/2020
Belén,14:39,21:54,24/12/2019
Yuanjue,4:37,8:30,23/8/2020
Kedungtulup,22:42,2:00,23/7/2020
Prizren,2:11,1:50,10/10/2020
Tëplaya Gora,21:12,18:10,29/4/2020
Mostek,23:33,19:18,24/4/2020
Gesikan,2:47,22:49,30/12/2019
Igarapé Miri,8:41,21:37,27/11/2019
Santa Catalina,17:47,16:35,2/9/2020
Dubki,13:57,20:29,26/3/2020
Castelo,1:42,3:05,13/3/2020
Nīkêh,6:35,19:19,23/4/2020
Pinggang,8:28,6:14,8/4/2020
Maluso,21:32,16:51,20/1/2020
Sedinginan,20:39,14:55,21/9/2020
Altenberg bei Linz,17:25,14:04,23/11/2019
Beishan,14:25,12:24,28/6/2020
Sendung,13:36,3:16,26/7/2020
Rochefort,6:14,6:44,12/12/2019
Yanshang,17:40,17:50,26/8/2020
Gelatik,6:52,11:42,23/7/2020
Bonao,18:23,21:02,14/6/2020
Helsingborg,15:35,14:38,7/9/2020
Nangaroro,15:22,4:22,16/7/2020
Lagunas,22:47,6:32,10/9/2020
La Libertad,3:34,21:00,1/7/2020
Khon San,13:14,21:29,15/11/2019
Umanggudang,7:13,17:22,22/6/2020
Rubiataba,1:14,2:32,19/1/2020
Saint-Quentin-en-Yvelines,6:36,20:10,4/1/2020
Phù Cát,11:14,12:50,4/5/2020
Hājīganj,15:14,17:51,2/7/2020
Oitui,0:20,13:54,19/2/2020
Guotan,4:13,4:08,1/11/2019
Shuanggang,23:44,9:43,5/6/2020
Marieville,21:26,12:07,23/8/2020
Talisay,0:15,15:53,6/11/2019
Kawagoe,20:10,17:27,26/7/2020
Meniko,20:55,22:02,14/12/2019
Pergamino,1:28,11:57,21/8/2020
Diébougou,3:45,4:01,30/1/2020
Mariano Moreno,11:40,15:29,7/10/2020
Carnot,2:09,5:08,18/5/2020
Cibunar,12:30,16:30,2/3/2020
Satsumasendai,20:51,0:50,25/9/2020
Wangqingtuo,10:31,12:25,6/5/2020
Qunsheng,9:19,4:19,8/12/2019
Bayan Gol,23:26,17:05,9/12/2019
Envigado,21:26,0:09,9/2/2020
Piñas,6:18,22:41,10/1/2020
Walenrang,14:02,5:49,19/12/2019
Sergelen,1:25,2:36,2/9/2020
Badāmā,4:48,6:23,25/1/2020
Maripa,20:40,6:00,12/10/2020
Kiikala,19:47,20:14,24/8/2020
Gaoyu,16:51,23:04,30/3/2020
Kotovs’k,23:48,13:57,12/9/2020
The Valley,12:46,19:59,30/1/2020
Pondokunyur,23:44,12:53,4/10/2020
Qiulu,2:51,19:45,10/3/2020
Gostimë,20:08,8:30,19/6/2020
Bello,12:42,22:44,6/9/2020
Cerava,16:16,19:49,4/5/2020
Besisahar,12:38,0:17,8/10/2020
Krynychky,12:54,1:48,23/7/2020
Les Sables-d'Olonne,9:23,2:01,15/8/2020
Śmiłowo,4:29,8:17,7/5/2020
Sidoaji,22:51,0:56,7/7/2020
Zheyuan,9:52,22:23,28/7/2020
Tangguhang,22:00,11:49,5/8/2020
Sumurgung,19:01,20:14,4/6/2020
Puan Selatan,9:35,0:33,8/8/2020
Daegu,4:30,11:00,16/10/2020
Las Matas de Farfán,14:11,6:13,21/9/2020
Galaz,22:59,16:06,15/10/2020
Zaokskiy,7:37,9:12,28/6/2020
Saipan,21:23,7:12,3/6/2020
Grand Rapids,8:26,15:01,8/12/2019
Sandovo,3:27,15:01,5/8/2020
Shanglu,6:21,4:29,17/7/2020
Lousado,12:45,1:09,8/5/2020
Lamalewo,7:57,2:52,1/10/2020
Bomadi,1:22,16:43,8/1/2020
Ciervo Petiso,23:46,18:35,13/3/2020
Bamban,20:04,12:31,20/12/2019
Gornyye Klyuchi,14:51,13:32,24/5/2020
Kyaikto,22:56,21:41,6/4/2020
Tacoma,19:39,11:34,20/1/2020
La Lima,22:28,13:37,1/2/2020
Feteira Pequena,19:34,11:16,13/1/2020
San Miguel,4:22,23:04,17/3/2020
Liaozhong,13:22,2:09,18/6/2020
Kiupo,16:48,13:45,3/3/2020
Vyshneye Dolgoye,20:14,22:14,13/5/2020
Gaplokan,12:57,17:27,31/5/2020
Goričan,14:00,18:46,26/4/2020
Marmande,4:48,13:42,20/8/2020
Raszczyce,11:37,0:34,29/6/2020
Aibura,21:31,5:08,5/10/2020
Jankowice,23:38,1:01,3/2/2020
Nanjia,14:37,22:00,5/7/2020
Junqueiro,15:36,9:52,20/4/2020
Hannover,14:31,9:20,29/7/2020
Cibingbin,15:12,3:08,14/3/2020
Buliu,5:56,10:24,26/7/2020
Vrbas,19:58,1:07,1/3/2020
Chambas,12:50,23:12,4/8/2020
San Andres,1:27,1:49,19/9/2020
Shāhīn Shahr,0:49,18:55,6/12/2019
Chester,10:23,0:12,1/3/2020
Datarkadu,9:50,16:59,7/11/2019
Staryy Cherek,9:41,8:32,20/4/2020
Şuraabad,18:57,8:36,5/9/2020
Aurelliana,5:55,4:41,9/8/2020
Thị Trấn Quế,23:12,21:40,25/12/2019
la Massana,15:45,2:22,22/11/2019
Bystra,23:26,4:55,17/5/2020
Sangesi,1:12,3:36,14/2/2020
Székesfehérvár,18:33,11:33,16/10/2020
Jishui,23:56,16:29,2/10/2020
Lichtenburg,1:03,15:51,2/4/2020
Guangyi,19:21,16:10,24/7/2020
Cibetung Dua,11:11,13:26,14/1/2020
Semenivka,3:29,0:04,23/6/2020
Guadalupe,2:30,11:21,21/2/2020
Sabinópolis,18:36,15:55,20/9/2020
Sambirata,20:48,22:37,15/2/2020
Al Ḩammāmāt,23:40,14:29,24/1/2020
Artimet,23:31,14:34,9/5/2020
Jiaoziya,8:09,22:43,18/11/2019
Telbang,10:17,18:07,30/11/2019
Molsheim,6:14,18:31,2/10/2020
Corralillo,13:32,2:23,1/5/2020
Nsukka,13:05,12:30,31/1/2020
Krajan Alastengah,8:28,22:48,27/2/2020
Sadkowice,6:14,13:53,28/10/2019
Pushkino,13:03,17:01,13/2/2020
Kupahandap,20:33,21:15,25/11/2019
Noebana,20:24,2:00,26/6/2020
Karangpocok,0:48,19:04,23/5/2020
Beringinjaya,11:58,8:26,14/11/2019
Banfora,5:37,11:54,7/6/2020
Guotan,22:52,16:38,18/8/2020
Kranuan,0:36,5:09,15/7/2020
Chiclayo,17:46,18:11,13/7/2020
Morant Bay,2:01,0:33,13/1/2020
Miejsce Piastowe,18:13,19:59,19/1/2020
Guataquí,11:51,4:44,4/11/2019
Novomyshastovskaya,15:41,21:03,3/4/2020
Aimin,8:07,17:04,10/8/2020
Comodoro Rivadavia,21:05,21:36,4/11/2019
Xujia,12:29,8:19,11/11/2019
Dakhla,9:15,8:16,30/5/2020
Zangzhai,5:08,14:19,26/8/2020
Angkahgede,8:14,15:39,12/2/2020
Feyẕābād,17:28,16:45,6/6/2020
Santa Cruz Muluá,6:28,13:25,30/9/2020
Envigado,21:24,12:34,2/6/2020
El Carmen de Bolívar,5:56,20:28,21/2/2020
Pulosari,11:35,21:21,18/11/2019
Xuri,23:30,16:19,15/1/2020
Cill Airne,18:55,7:18,12/4/2020
Chãos,7:28,1:30,25/2/2020
Mardā,7:16,7:22,23/9/2020
Madur,20:50,4:56,24/4/2020
Shūkat aş Şūfī,1:48,12:49,30/12/2019
Bulusari,12:05,15:41,27/8/2020
Kajanan,8:46,15:31,18/8/2020
Maroa,10:32,0:55,13/6/2020
España,4:46,14:33,20/10/2020
Krajan Gading,4:22,13:14,12/3/2020
Páno Polemídia,22:03,17:07,8/6/2020
Radostowice,2:07,9:51,2/11/2019
Gataivai,3:21,23:10,19/7/2020
Dongping,6:55,20:21,15/12/2019
Marka,15:34,15:02,6/9/2020
Beverwijk,4:35,8:03,3/11/2019
Frösön,10:26,11:59,4/5/2020
Medeiros Neto,2:55,21:08,1/9/2020
Quatre Bornes,15:22,11:12,27/5/2020
Manaus,4:48,16:29,22/4/2020
Guapimirim,13:38,21:04,3/7/2020
Médanos,6:27,4:01,31/5/2020
Lidu,9:39,18:26,28/10/2019
Parchal,11:18,1:41,6/5/2020
Konyshevka,2:57,2:02,8/8/2020
Umeå,14:14,4:07,23/7/2020
Maagnas,0:45,16:37,26/6/2020
Sergelen,14:38,21:26,28/12/2019
Canela,6:03,11:51,20/1/2020
Yugang,23:52,19:27,16/4/2020
Anlu,3:03,17:39,5/12/2019
Chinoz,4:13,12:39,28/11/2019
Hluhluwe,11:50,7:09,26/11/2019
Itabaiana,16:23,12:08,27/11/2019
Menggala,11:38,17:53,10/12/2019
Sobang,20:13,12:17,17/5/2020
Tombatu,22:11,18:27,23/1/2020
Wilfrido Loor Moreira,18:28,6:18,16/2/2020
Pokrov,13:41,11:12,18/12/2019
Kebon,10:04,2:17,13/11/2019
Sanli,10:51,17:32,19/11/2019
Fengpo,5:37,7:33,22/12/2019
Roma,11:21,9:43,16/9/2020
Dauphin,10:43,11:03,29/8/2020
Nariño,11:13,5:12,18/11/2019
Tōbetsu,1:38,11:20,7/11/2019
Orange,8:04,16:46,22/5/2020
Solkan,2:07,23:31,13/12/2019
Santo Antônio de Posse,8:11,12:54,5/5/2020
Los Fresnos,16:14,21:39,17/1/2020
Zhenjiang,1:31,16:10,31/10/2019
Firavitoba,12:13,3:59,30/9/2020
Koysinceq,16:46,19:57,10/8/2020
Llauta,1:54,0:27,19/12/2019
Kendalrejo,23:20,13:15,20/11/2019
Al Marj,11:37,23:30,10/2/2020
Tenggong,5:00,16:29,31/7/2020
Eindhoven,21:01,18:05,6/3/2020
Tajike’abati,12:44,8:01,22/12/2019
Canmang,23:53,9:39,28/5/2020
Baisha,15:08,10:16,28/9/2020
Kvasice,12:53,6:49,20/4/2020
Chrzanów,14:28,10:56,18/9/2020
Kil’mez’,16:52,23:35,30/7/2020
Dewetsdorp,1:21,4:10,13/9/2020
Dicun,2:20,3:57,21/3/2020
Vyshhorod,13:03,23:25,7/12/2019
Cauayan,2:47,9:20,1/6/2020
Runaway Bay,23:29,17:21,3/8/2020
Tours,17:52,3:41,7/8/2020
Dzüünbulag,22:58,15:39,8/8/2020
Stare Juchy,10:04,23:10,8/9/2020
Niš,2:29,21:15,4/11/2019
Nangang,9:15,5:30,29/12/2019
Xuwei,22:47,23:31,18/2/2020
Haoraoshan,0:14,16:29,20/8/2020
Ximapo,11:58,18:09,7/11/2019
Olho Marinho,4:06,11:43,17/9/2020
Yuzhai,14:39,16:46,6/11/2019
Koudougou,3:21,21:40,6/8/2020
Menuma,22:00,12:24,6/7/2020
Punat,23:55,6:02,21/1/2020
Vallentuna,0:29,22:11,5/12/2019
Xiaozhai,8:40,10:34,24/7/2020
Pantin,18:48,1:15,5/9/2020
Xuefu,19:30,9:41,15/1/2020
Kulunda,0:45,7:28,2/1/2020
Villaguay,20:53,0:19,26/12/2019
Guanzhuang,23:17,12:45,25/6/2020
Gurlan,8:15,21:44,4/10/2020
Xingang,17:28,1:20,31/3/2020
Nedašov,19:31,2:08,2/9/2020
Kyaikto,17:31,7:46,11/8/2020
Carriedo,11:46,5:12,13/10/2020
Katsuta,5:05,4:33,2/2/2020
West Hartford,1:01,3:12,10/11/2019
Kępno,7:15,15:47,3/7/2020
Pitanga,18:19,20:25,9/2/2020
Mberubu,7:17,23:16,10/7/2020
Castelões,2:04,5:01,16/10/2020
Ortigueira,1:28,12:47,13/10/2020
Rimpakgede,19:17,1:02,12/5/2020
Cabeça Gorda,12:28,0:37,6/6/2020
New Haven,0:48,0:22,28/2/2020
Pankovka,15:40,21:20,2/8/2020
Bato,14:22,23:45,29/10/2019
Colón,1:50,5:47,31/1/2020
28 de noviembre,8:36,3:27,16/7/2020
Shestakovo,4:47,6:56,22/9/2020
Lushan,0:15,14:38,1/5/2020
Buenaventura,14:47,19:39,8/8/2020
Tuapse,6:01,20:06,27/7/2020
Tyresö,8:13,23:37,13/7/2020
Villanueva,3:09,3:14,3/11/2019
Diriomo,15:34,13:35,16/11/2019
Pamanukan,17:22,4:22,14/6/2020
Bali,14:26,0:28,17/12/2019
Jacobina,6:12,19:52,7/6/2020
Lamongan,12:09,19:14,23/1/2020
Hinapalanan,6:36,3:33,10/8/2020
Paris 19,13:58,5:50,25/3/2020
Santa Cruz de El Seibo,3:44,3:42,8/2/2020
Al Maţarīyah,1:11,22:23,14/12/2019
Kassándreia,9:59,11:25,9/11/2019
La Concepcion,19:45,21:42,18/9/2020
Sinarbakti,2:20,22:19,3/1/2020
‘Ajlūn,19:02,16:27,2/9/2020
San Rafael,1:43,20:16,22/4/2020
Shilaoren,6:00,17:03,31/10/2019
Gaotai,18:44,9:13,9/11/2019
Carrefour,16:25,17:54,20/5/2020
Skrzyszów,21:11,2:13,12/10/2020
Zhantang,8:49,16:30,21/9/2020
Aoyang,10:00,14:55,9/9/2020
Novorossiysk,19:20,16:19,30/8/2020
Sulengwaseng,0:09,14:53,4/12/2019
Xishan,12:28,18:03,24/2/2020
Macayug,20:24,1:34,30/7/2020
Kołczygłowy,20:10,6:59,1/10/2020
Oesapa,4:16,2:18,14/4/2020
Sandviken,21:03,10:02,3/4/2020
Balatun,9:20,17:07,16/12/2019
Balitoc,14:26,14:15,28/1/2020
Songnim,22:52,16:39,16/12/2019
Dovhe,8:51,4:24,24/12/2019
Svay Rieng,6:57,0:27,20/5/2020
Takarazuka,20:43,20:54,14/11/2019
Hodoš,8:35,19:58,15/2/2020
Zgornje Jezersko,2:31,8:48,20/9/2020
Pictou,4:14,20:06,29/9/2020
Micheng,18:35,14:59,26/8/2020
Pamatang,20:29,20:15,16/10/2020
Mapusagafou,7:15,3:12,13/10/2020
La Huerta,23:21,14:19,3/12/2019
Rudky,4:20,15:42,6/5/2020
Fusagasuga,17:54,10:48,18/2/2020
Kolirerek,12:01,7:05,23/8/2020
Argotirto Krajan,7:00,0:41,12/5/2020
Musanze,11:34,17:34,10/5/2020
Mbanza Congo,15:11,9:43,1/4/2020
El Estor,20:13,6:20,19/3/2020
Pasir,18:05,14:37,10/7/2020
Ganping,6:31,19:59,27/5/2020
Isawa,0:10,18:28,27/1/2020
Ishqoshim,4:00,17:28,31/12/2019
San Vicente,21:27,14:45,13/6/2020
Borisovka,3:36,3:32,25/11/2019
Savanna-la-Mar,13:06,5:15,8/4/2020
Dampol,8:49,6:28,29/4/2020
Proptisht,18:42,2:28,8/4/2020
Inowrocław,23:06,7:44,7/8/2020
Hrib-Loški Potok,15:52,13:19,30/8/2020
Hashtgerd,1:14,15:27,25/4/2020
Tržič,10:26,23:54,15/5/2020
Baijiang,5:42,16:53,21/1/2020
Koz’modem’yansk,16:46,21:30,11/8/2020
Sandakan,19:16,18:23,21/11/2019
Grenoble,22:51,16:33,9/10/2020
Aldeia da Bela Vista,1:14,23:21,9/7/2020
Dongjiao,0:51,0:24,27/6/2020
Adámas,15:13,23:38,29/3/2020
Asembagus,0:39,8:44,26/9/2020
Taoyang,10:31,20:41,20/11/2019
Bom Sucesso,21:55,5:18,6/11/2019
Dibulla,23:20,18:37,26/12/2019
Koysinceq,10:53,2:44,6/10/2020
Grujugan,4:37,16:51,1/9/2020
Emiliano Zapata,20:14,15:25,15/2/2020
Udachny,15:01,16:09,11/5/2020
Chenfangji,4:14,23:45,23/2/2020
Vil’nyans’k,18:07,13:10,6/4/2020
Rio Branco do Sul,10:57,12:35,18/11/2019
Bulumulyo,8:51,14:08,11/5/2020
Матејче,21:43,6:58,4/10/2020
Curiapo,20:04,7:55,9/4/2020
Porto Alegre,11:30,14:37,17/10/2020
Hayes,22:36,3:52,6/2/2020
Cimonyong,13:30,14:22,29/9/2020
Kayapa,9:02,15:54,26/9/2020
Diriamba,17:14,6:20,2/3/2020
Skrwilno,16:03,17:08,11/3/2020
Nubl,19:37,16:19,19/1/2020
Stockholm,23:04,7:07,20/1/2020
Gaoping,12:15,12:00,25/9/2020
Kure,12:21,21:40,28/2/2020
Sundre,18:57,0:54,11/7/2020
Ostrzeszów,16:17,9:43,1/4/2020
Isugod,7:56,9:44,30/1/2020
Kaya,2:50,17:00,9/6/2020
Stizhkivs’ke,1:20,12:54,14/7/2020
Campoverde,10:53,14:32,14/4/2020
Paterson,4:44,15:02,1/2/2020
Acacías,21:09,17:51,10/4/2020
Ciheras,23:19,13:07,10/12/2019
Renfrew,3:51,0:56,29/9/2020
Tylicz,7:45,1:25,27/9/2020
São Filipe,17:27,8:30,12/12/2019
Knyaze-Volkonskoye,17:54,8:06,3/7/2020
Coro,19:39,21:32,1/5/2020
Sheffield,8:49,5:18,9/2/2020
Karipidita,15:12,2:02,16/10/2020
Karangsari,0:13,19:38,15/10/2020
Dashiju,22:19,2:26,11/6/2020
Bungoma,8:27,19:00,25/9/2020
Trilj,21:19,11:10,2/7/2020
Karema,21:47,10:56,29/11/2019
Naifalo,17:10,7:40,19/11/2019
Pervoural’sk,21:03,12:37,23/1/2020
Cimanggu Wetan,9:13,3:30,6/2/2020
Dongkan,4:47,9:32,29/3/2020
Vrbovec,16:29,20:58,10/12/2019
Jatiklampok,3:15,2:15,11/9/2020
Nusaherang,15:21,3:29,13/10/2020
Gemblengmulyo,4:09,11:48,11/7/2020
Shuyuan Zhen,10:38,15:00,18/10/2020
Injīl,3:31,2:27,30/1/2020
Umburarameha,11:39,11:28,21/8/2020
Markušica,8:43,3:27,28/9/2020
Shāhdādkot,18:36,20:25,9/11/2019
Niandui,0:02,15:23,19/7/2020
Quinarayan,12:42,5:00,24/7/2020
Carcassonne,2:38,0:13,1/7/2020
Jintao,0:28,15:52,11/7/2020
Aromashevo,3:51,13:19,13/5/2020
Ulster Spring,11:34,23:17,31/7/2020
El Alamo,14:59,21:42,23/2/2020
Galitsy,10:00,22:46,15/7/2020
Varnávas,3:31,4:59,3/11/2019
Mŭglizh,16:59,9:34,2/11/2019
Vecumnieki,21:55,2:19,7/4/2020
Gengma,19:50,13:48,31/1/2020
Saint-Bruno-de-Montarville,7:16,2:20,22/6/2020
Riang Tengah,15:23,22:51,5/12/2019
Linköping,1:58,23:57,23/6/2020
Murom,8:58,2:17,14/8/2020
Aras-asan,16:38,3:47,8/12/2019
Straszyn,8:33,0:37,30/10/2019
Petoa,5:14,11:02,1/3/2020
Palcza,5:19,13:44,1/3/2020
Toupi,17:03,7:54,30/12/2019
Peras Ruivas,5:28,6:11,5/8/2020
Port-de-Paix,19:33,16:49,3/5/2020
Beishan,1:04,1:46,9/6/2020
Kurungannyawa,13:34,5:39,4/10/2020
Yaté-Barrage,3:56,20:28,5/7/2020
Kisumu,15:59,21:38,28/9/2020
Tangdong,4:27,17:53,10/5/2020
Mojosari,6:12,20:26,14/6/2020
Sempol,18:13,4:56,11/10/2020
Thai Charoen,10:56,16:11,20/7/2020
Umeå,7:07,13:10,3/4/2020
Eláteia,12:58,16:05,5/7/2020
Jundian,22:25,13:15,13/2/2020
Villa Urquiza,21:39,10:10,5/6/2020
Vila Flor,17:15,20:56,16/6/2020
Bom Sucesso,12:39,12:44,17/8/2020
Lingcheng,21:41,4:06,4/6/2020
Mlangali,17:19,20:52,25/11/2019
Xixiang,13:56,10:08,15/4/2020
Katiola,10:31,23:14,1/3/2020
Ketanggi,10:11,12:05,16/5/2020
Bebedouro,20:16,0:50,2/8/2020
Pecoro,20:46,9:13,9/9/2020
Nanterre,0:58,3:08,13/6/2020
Sighnaghi,17:27,18:21,31/10/2019
Huyunxiang,19:18,7:54,9/4/2020
Wedoro,15:49,8:32,23/1/2020
Rawa,21:36,2:12,15/7/2020
Springfield,2:09,4:49,30/5/2020
Jieznas,13:56,13:54,10/2/2020
Pajagan,17:07,15:13,15/1/2020
Hidalgo,18:42,19:15,1/5/2020
Richmond,12:56,22:54,28/11/2019
Louny,8:24,10:50,1/3/2020
Rainis,3:07,14:07,1/1/2020
Jinhe,11:16,2:23,10/12/2019
Ożarowice,2:11,10:56,5/6/2020
Bronx,2:28,4:37,2/12/2019
pamas,20:00,20:15,16/7/2020
Nova Cruz,11:45,20:38,19/6/2020
Bosilovo,3:41,19:27,19/8/2020
João Pessoa,2:20,1:39,15/11/2019
Kebonan,10:45,18:39,13/7/2020
Sypniewo,15:37,7:17,1/3/2020
Jiadingzhen,19:40,5:18,7/1/2020
Turka,6:53,5:53,28/5/2020
Neglasari,7:12,10:25,26/5/2020
Jiefang,0:59,16:48,26/12/2019
Cesson-Sévigné,0:31,14:10,6/7/2020
Jicun,2:24,23:46,18/4/2020
Voznesen’ye,10:20,3:28,29/8/2020
São Paulo de Olivença,3:51,15:51,11/1/2020
Fukuroi,17:39,22:51,18/8/2020
José de Freitas,3:44,4:07,11/9/2020
Dashiqiao,5:07,19:36,24/4/2020
Raemude,9:20,3:11,15/11/2019
Liushui,4:35,9:49,23/7/2020
Cardal,18:47,22:49,27/10/2019
Khorugh,4:46,3:06,18/8/2020
Modderfontein,16:09,2:38,27/5/2020
Kambia,17:55,23:54,19/5/2020
Pýrgos,18:47,5:57,4/8/2020
Asahikawa,20:19,23:32,9/7/2020
Hotaka,18:55,18:11,3/10/2020
Tidili Mesfioua,1:16,23:00,20/12/2019
Gunan,3:21,20:06,23/4/2020
Bajera,14:48,20:30,4/11/2019
North Saanich,7:40,5:46,30/7/2020
Kuragaki-kosugi,5:15,0:39,11/1/2020
Maesan,0:10,18:15,2/10/2020
Viljoenskroon,17:12,19:19,17/8/2020
Boliney,14:52,22:29,11/4/2020
Kalandagan,20:18,18:56,13/1/2020
Candelaria,23:14,2:48,5/10/2020
Puttalam,6:12,1:54,30/10/2019
Nizhniy Lomov,11:50,2:39,14/7/2020
Chengzi,18:46,11:26,16/11/2019
Sebba,22:15,11:44,18/3/2020
Ndungu,7:29,9:51,6/5/2020
Älvdalen,11:32,23:36,27/11/2019
Piura,17:00,13:53,19/1/2020
Castelo de Vide,6:00,14:13,18/9/2020
København,10:56,10:00,28/8/2020
Iktābah,17:43,19:52,15/4/2020
Novi Šeher,0:18,18:26,28/11/2019
Zhongguanyi,18:27,4:55,24/10/2019
Grande Rivière Noire,1:40,21:44,5/5/2020
Zgłobień,4:42,8:47,14/9/2020
Andop,4:08,21:34,3/12/2019
Sagang,14:55,13:46,12/3/2020
Gevgelija,15:34,17:44,13/1/2020
Zhangjiachang,3:40,18:35,10/12/2019
Santo Isidro,10:34,0:46,28/11/2019
Néa Ankhíalos,7:21,8:29,31/8/2020
Bukonyo,5:44,5:16,12/8/2020
Huambo,0:00,5:32,28/5/2020
Säffle,12:03,5:52,4/11/2019
Andalan,9:29,16:22,30/12/2019
Porvenir,22:14,20:21,27/9/2020
Shenavan,10:14,9:46,12/11/2019
Ust-Kamenogorsk,19:41,2:26,19/8/2020
Aviles,11:02,9:46,7/8/2020
Kolomyya,3:48,21:39,13/6/2020
Ban Phaeo,17:47,22:12,3/5/2020
Toužim,4:10,16:19,5/10/2020
Mikhaylov,14:59,9:15,28/8/2020
Ban Talat Nua,3:39,8:24,21/4/2020
Hobscheid,14:17,15:46,13/2/2020
Medveđa,12:00,20:56,10/2/2020
Merritt,7:14,5:48,18/4/2020
Luziânia,2:44,19:22,16/11/2019
Brzeźnica,17:04,16:46,25/5/2020
Wengang,16:21,5:36,11/11/2019
Sumenep,7:10,11:19,16/8/2020
Hŭkkyo-ri,13:45,1:58,11/10/2020
Nong Yai,12:07,15:36,19/9/2020
Envigado,12:41,8:35,11/3/2020
Batutulis,19:45,9:20,30/12/2019
Tymoshivka,22:46,21:55,22/4/2020
Yangji,16:50,0:28,25/10/2019
Suyo,11:21,14:32,14/2/2020
Hechuan,20:00,8:22,5/6/2020
Centenary,2:23,22:30,3/5/2020
Lacroix-Saint-Ouen,7:44,13:46,24/4/2020
Álvares Machado,14:18,10:15,15/2/2020
Francova Lhota,15:58,7:14,21/2/2020
Kidatu,7:08,22:20,5/1/2020
Las Lomas,0:38,16:39,9/4/2020
Além do Rio,8:13,11:47,3/6/2020
Witkowo,21:43,20:35,30/1/2020
Kuybyshev,15:29,12:55,1/1/2020
Gunjur Kuta,3:56,21:39,30/10/2019
Ranambeling,9:54,12:46,30/6/2020
Arāk,7:44,18:36,18/7/2020
Hepo,18:06,5:36,8/11/2019
Tsumeb,2:52,1:15,7/12/2019
Mweka,15:00,0:35,2/3/2020
Caen,10:22,1:13,11/8/2020
Negara,6:06,3:56,11/12/2019
Remedios,18:28,4:03,18/9/2020
Lo Prado,11:04,14:01,10/9/2020
Sepulu,8:20,8:41,15/11/2019
Yōkaichiba,3:25,0:41,20/11/2019
Gaozhai,16:17,19:02,18/12/2019
Khantaghy,20:11,12:41,10/7/2020
Knyszyn,6:53,0:47,15/2/2020
Dobra,8:04,11:00,15/9/2020
Brea Pozo,6:51,8:31,10/6/2020
Suifenhe,12:35,14:57,18/8/2020
Thanh Chương,19:17,5:26,16/4/2020
Káto Dhiminió,6:30,7:21,13/1/2020
Buzet,18:23,7:06,23/8/2020
Debeljača,2:44,23:50,6/2/2020
Mošorin,14:03,22:08,12/11/2019
Capim Grosso,10:58,12:47,20/11/2019
Yamen,19:24,20:12,11/3/2020
Shigu,22:08,6:55,1/7/2020
Dobra,21:43,12:49,8/12/2019
Baidoa,22:46,18:39,21/7/2020
Al Bayḑā’,8:50,21:05,7/10/2020
Hepang,18:18,3:47,9/2/2020
Ugac Sur,4:26,22:51,7/3/2020
Águia Branca,20:39,4:00,17/5/2020
Thāru Shāh,5:11,4:10,29/10/2019
El Calvario,12:09,10:57,24/5/2020
Duntou,21:23,8:17,13/4/2020
Moss,0:06,20:48,15/1/2020
Selopuro,3:59,15:56,10/5/2020
Panalingaan,14:24,11:48,23/11/2019
Mengxi,2:43,23:40,26/3/2020
Utrecht (stad),4:07,1:29,13/11/2019
Pader Palwo,23:32,21:06,10/1/2020
Dabu,2:43,13:28,10/3/2020
La Romana,12:50,13:20,16/12/2019
Tiandian,7:27,23:08,11/1/2020
Asheville,8:47,16:32,15/8/2020
Itaberaba,23:46,14:15,31/7/2020
Rönninge,23:16,13:11,7/2/2020
Autun,4:26,10:26,12/9/2020
Nice,2:17,6:11,21/6/2020
Cimenga,8:19,18:29,31/3/2020
Spétses,13:26,21:00,16/6/2020
Maukaro,1:50,19:58,19/8/2020
Várzea Alegre,13:18,11:15,18/11/2019
La Poma,0:50,21:43,8/3/2020
Lucma,8:19,20:54,30/1/2020
Guanyinsi,9:00,0:54,20/2/2020
Fengchan,8:27,0:36,2/11/2019
Antipolo,16:55,19:24,9/2/2020
Dahay,22:04,2:15,30/9/2020
Courelas Bravas,21:04,20:34,31/12/2019
Kukës,0:23,20:32,20/10/2020
Colmeal,19:13,4:31,27/4/2020
Quelimane,6:18,5:23,25/4/2020
Beni Khiar,19:26,16:28,21/5/2020
Nang Rong,19:02,5:52,4/8/2020
Vistino,13:16,14:14,6/5/2020
Wanareja,23:56,0:02,28/4/2020
Manggu,10:40,5:57,1/9/2020
Tullinge,12:55,10:10,13/5/2020
Socota,16:58,23:57,24/10/2019
Elvas,4:40,11:58,25/4/2020
Alcoy,2:20,3:59,24/10/2019
Kralice na Hané,23:57,23:43,22/1/2020
Mendeleyevskiy,15:57,12:13,3/12/2019
Palmas De Gran Canaria,11:38,9:48,30/4/2020
Doushaguan,18:28,16:52,10/1/2020
Ordzhonikidze,2:30,0:18,28/7/2020
Santa Rita,21:44,16:47,29/5/2020
Xialaba,6:13,11:06,13/10/2020
Korolëv Stan,12:16,5:43,3/3/2020
Ratoath,1:39,3:52,23/4/2020
Honghai,6:10,17:34,6/3/2020
Suqiaoxiang,8:53,14:15,7/2/2020
Yelan,18:14,18:34,29/1/2020
Chayek,22:01,13:34,18/7/2020
Pisz,15:49,4:37,22/10/2020
Weihe,6:53,20:38,9/2/2020
Xiashitai,7:12,17:06,3/11/2019
Zhaojia,4:00,7:40,6/1/2020
Xiapu,15:22,9:38,28/4/2020
Biała,4:52,1:20,28/11/2019
Drachten,20:47,15:51,14/11/2019
Pivovarikha,21:10,7:50,25/10/2019
Newcastle,4:12,17:07,21/7/2020
Kostrzyn nad Odrą,15:56,14:50,12/5/2020
Lapas,18:47,21:13,28/10/2019
Thoen,10:50,0:54,10/1/2020
Dianshui,21:26,0:48,16/2/2020
Baojiadian,12:55,16:31,3/8/2020